{"cameraMode":{"drawMode":0,"name":"Shaded","section":"Shading Mode"},"sceneLighting":true,"audioPlay":false,"sceneViewState":{"m_AlwaysRefresh":true,"showFog":true,"showSkybox":true,"showFlares":true,"showImageEffects":true,"showParticleSystems":true,"showVisualEffectGraphs":true,"m_FxEnabled":true},"in2DMode":false,"pivot":{"x":-6.209112644195557,"y":-1.6401246786117554,"z":-4.2507219314575199},"rotation":{"x":0.17684011161327363,"y":-0.10883554071187973,"z":0.04344186931848526,"w":0.9772661924362183},"size":1.4097265005111695,"orthographic":false}